registration_no,roll_no,first_name,last_name,email,department_code,course_code,semester_number,admission_year,phone
REG20252001,25EC101,Siddharth,Menon,siddharth.menon1@student.examforge.edu,ECE,BTECH,4,2025,+91 98000 20001
REG20252002,25ME102,Bhavna,Verma,bhavna.verma2@student.examforge.edu,MECH,BTECH,4,2025,+91 98000 20002
REG20252003,25CI103,Harish,Kulkarni,harish.kulkarni3@student.examforge.edu,CIVIL,BTECH,4,2025,+91 98000 20003
REG20252004,25CS104,Pallavi,Pandey,pallavi.pandey4@student.examforge.edu,CSE,BTECH,4,2025,+91 98000 20004
REG20252005,25EC105,Nikhil,Nair,nikhil.nair5@student.examforge.edu,ECE,BTECH,4,2025,+91 98000 20005
REG20252006,25ME106,Swati,Menon,swati.menon6@student.examforge.edu,MECH,BTECH,4,2025,+91 98000 20006
REG20252007,25CI107,Vinay,Verma,vinay.verma7@student.examforge.edu,CIVIL,BTECH,4,2025,+91 98000 20007
REG20252008,25CS108,Divya,Kulkarni,divya.kulkarni8@student.examforge.edu,CSE,BTECH,4,2025,+91 98000 20008
REG20252009,25EC109,Sanjay,Pandey,sanjay.pandey9@student.examforge.edu,ECE,BTECH,4,2025,+91 98000 20009
REG20252010,25ME110,Geeta,Nair,geeta.nair10@student.examforge.edu,MECH,BTECH,4,2025,+91 98000 20010
REG20252011,25CI111,Ravi,Menon,ravi.menon11@student.examforge.edu,CIVIL,BTECH,4,2025,+91 98000 20011
REG20252012,25CS112,Monika,Verma,monika.verma12@student.examforge.edu,CSE,BTECH,4,2025,+91 98000 20012
REG20252013,25EC113,Abhishek,Kulkarni,abhishek.kulkarni13@student.examforge.edu,ECE,BTECH,4,2025,+91 98000 20013
REG20252014,25ME114,Shilpa,Pandey,shilpa.pandey14@student.examforge.edu,MECH,BTECH,4,2025,+91 98000 20014
REG20252015,25CI115,Kavita,Nair,kavita.nair15@student.examforge.edu,CIVIL,BTECH,4,2025,+91 98000 20015
REG20252016,25CS116,Siddharth,Menon,siddharth.menon16@student.examforge.edu,CSE,BTECH,4,2025,+91 98000 20016
REG20252017,25EC117,Bhavna,Verma,bhavna.verma17@student.examforge.edu,ECE,BTECH,4,2025,+91 98000 20017
REG20252018,25ME118,Harish,Kulkarni,harish.kulkarni18@student.examforge.edu,MECH,BTECH,4,2025,+91 98000 20018
REG20252019,25CI119,Pallavi,Pandey,pallavi.pandey19@student.examforge.edu,CIVIL,BTECH,4,2025,+91 98000 20019
REG20252020,25CS120,Nikhil,Nair,nikhil.nair20@student.examforge.edu,CSE,BTECH,4,2025,+91 98000 20020
REG20252021,25EC121,Swati,Menon,swati.menon21@student.examforge.edu,ECE,BTECH,4,2025,+91 98000 20021
REG20252022,25ME122,Vinay,Verma,vinay.verma22@student.examforge.edu,MECH,BTECH,4,2025,+91 98000 20022
REG20252023,25CI123,Divya,Kulkarni,divya.kulkarni23@student.examforge.edu,CIVIL,BTECH,4,2025,+91 98000 20023
REG20252024,25CS124,Sanjay,Pandey,sanjay.pandey24@student.examforge.edu,CSE,BTECH,4,2025,+91 98000 20024
REG20252025,25EC125,Geeta,Nair,geeta.nair25@student.examforge.edu,ECE,BTECH,4,2025,+91 98000 20025
REG20252026,25ME126,Ravi,Menon,ravi.menon26@student.examforge.edu,MECH,BTECH,4,2025,+91 98000 20026
REG20252027,25CI127,Monika,Verma,monika.verma27@student.examforge.edu,CIVIL,BTECH,4,2025,+91 98000 20027
REG20252028,25CS128,Abhishek,Kulkarni,abhishek.kulkarni28@student.examforge.edu,CSE,BTECH,4,2025,+91 98000 20028
REG20252029,25EC129,Shilpa,Pandey,shilpa.pandey29@student.examforge.edu,ECE,BTECH,4,2025,+91 98000 20029
REG20252030,25ME130,Kavita,Nair,kavita.nair30@student.examforge.edu,MECH,BTECH,4,2025,+91 98000 20030
REG20252031,25CI131,Siddharth,Menon,siddharth.menon31@student.examforge.edu,CIVIL,BTECH,4,2025,+91 98000 20031
REG20252032,25CS132,Bhavna,Verma,bhavna.verma32@student.examforge.edu,CSE,BTECH,4,2025,+91 98000 20032
REG20252033,25EC133,Harish,Kulkarni,harish.kulkarni33@student.examforge.edu,ECE,BTECH,4,2025,+91 98000 20033
REG20252034,25ME134,Pallavi,Pandey,pallavi.pandey34@student.examforge.edu,MECH,BTECH,4,2025,+91 98000 20034
REG20252035,25CI135,Nikhil,Nair,nikhil.nair35@student.examforge.edu,CIVIL,BTECH,4,2025,+91 98000 20035
REG20252036,25CS136,Swati,Menon,swati.menon36@student.examforge.edu,CSE,BTECH,4,2025,+91 98000 20036
REG20252037,25EC137,Vinay,Verma,vinay.verma37@student.examforge.edu,ECE,BTECH,4,2025,+91 98000 20037
REG20252038,25ME138,Divya,Kulkarni,divya.kulkarni38@student.examforge.edu,MECH,BTECH,4,2025,+91 98000 20038
REG20252039,25CI139,Sanjay,Pandey,sanjay.pandey39@student.examforge.edu,CIVIL,BTECH,4,2025,+91 98000 20039
REG20252040,25CS140,Geeta,Nair,geeta.nair40@student.examforge.edu,CSE,BTECH,4,2025,+91 98000 20040
REG20252041,25EC141,Ravi,Menon,ravi.menon41@student.examforge.edu,ECE,BTECH,4,2025,+91 98000 20041
REG20252042,25ME142,Monika,Verma,monika.verma42@student.examforge.edu,MECH,BTECH,4,2025,+91 98000 20042
REG20252043,25CI143,Abhishek,Kulkarni,abhishek.kulkarni43@student.examforge.edu,CIVIL,BTECH,4,2025,+91 98000 20043
REG20252044,25CS144,Shilpa,Pandey,shilpa.pandey44@student.examforge.edu,CSE,BTECH,4,2025,+91 98000 20044
REG20252045,25EC145,Kavita,Nair,kavita.nair45@student.examforge.edu,ECE,BTECH,4,2025,+91 98000 20045
REG20252046,25ME146,Siddharth,Menon,siddharth.menon46@student.examforge.edu,MECH,BTECH,4,2025,+91 98000 20046
REG20252047,25CI147,Bhavna,Verma,bhavna.verma47@student.examforge.edu,CIVIL,BTECH,4,2025,+91 98000 20047
REG20252048,25CS148,Harish,Kulkarni,harish.kulkarni48@student.examforge.edu,CSE,BTECH,4,2025,+91 98000 20048
REG20252049,25EC149,Pallavi,Pandey,pallavi.pandey49@student.examforge.edu,ECE,BTECH,4,2025,+91 98000 20049
REG20252050,25ME150,Nikhil,Nair,nikhil.nair50@student.examforge.edu,MECH,BTECH,4,2025,+91 98000 20050
REG20252051,25CI151,Swati,Menon,swati.menon51@student.examforge.edu,CIVIL,BTECH,4,2025,+91 98000 20051
REG20252052,25CS152,Vinay,Verma,vinay.verma52@student.examforge.edu,CSE,BTECH,4,2025,+91 98000 20052
REG20252053,25EC153,Divya,Kulkarni,divya.kulkarni53@student.examforge.edu,ECE,BTECH,4,2025,+91 98000 20053
REG20252054,25ME154,Sanjay,Pandey,sanjay.pandey54@student.examforge.edu,MECH,BTECH,4,2025,+91 98000 20054
REG20252055,25CI155,Geeta,Nair,geeta.nair55@student.examforge.edu,CIVIL,BTECH,4,2025,+91 98000 20055
REG20252056,25CS156,Ravi,Menon,ravi.menon56@student.examforge.edu,CSE,BTECH,4,2025,+91 98000 20056
REG20252057,25EC157,Monika,Verma,monika.verma57@student.examforge.edu,ECE,BTECH,4,2025,+91 98000 20057
REG20252058,25ME158,Abhishek,Kulkarni,abhishek.kulkarni58@student.examforge.edu,MECH,BTECH,4,2025,+91 98000 20058
REG20252059,25CI159,Shilpa,Pandey,shilpa.pandey59@student.examforge.edu,CIVIL,BTECH,4,2025,+91 98000 20059
REG20252060,25CS160,Kavita,Nair,kavita.nair60@student.examforge.edu,CSE,BTECH,4,2025,+91 98000 20060
REG20252061,25EC161,Siddharth,Menon,siddharth.menon61@student.examforge.edu,ECE,BTECH,4,2025,+91 98000 20061
REG20252062,25ME162,Bhavna,Verma,bhavna.verma62@student.examforge.edu,MECH,BTECH,4,2025,+91 98000 20062
REG20252063,25CI163,Harish,Kulkarni,harish.kulkarni63@student.examforge.edu,CIVIL,BTECH,4,2025,+91 98000 20063
REG20252064,25CS164,Pallavi,Pandey,pallavi.pandey64@student.examforge.edu,CSE,BTECH,4,2025,+91 98000 20064
REG20252065,25EC165,Nikhil,Nair,nikhil.nair65@student.examforge.edu,ECE,BTECH,4,2025,+91 98000 20065
REG20252066,25ME166,Swati,Menon,swati.menon66@student.examforge.edu,MECH,BTECH,4,2025,+91 98000 20066
REG20252067,25CI167,Vinay,Verma,vinay.verma67@student.examforge.edu,CIVIL,BTECH,4,2025,+91 98000 20067
REG20252068,25CS168,Divya,Kulkarni,divya.kulkarni68@student.examforge.edu,CSE,BTECH,4,2025,+91 98000 20068
REG20252069,25EC169,Sanjay,Pandey,sanjay.pandey69@student.examforge.edu,ECE,BTECH,4,2025,+91 98000 20069
REG20252070,25ME170,Geeta,Nair,geeta.nair70@student.examforge.edu,MECH,BTECH,4,2025,+91 98000 20070
REG20252071,25CI171,Ravi,Menon,ravi.menon71@student.examforge.edu,CIVIL,BTECH,4,2025,+91 98000 20071
REG20252072,25CS172,Monika,Verma,monika.verma72@student.examforge.edu,CSE,BTECH,4,2025,+91 98000 20072
REG20252073,25EC173,Abhishek,Kulkarni,abhishek.kulkarni73@student.examforge.edu,ECE,BTECH,4,2025,+91 98000 20073
REG20252074,25ME174,Shilpa,Pandey,shilpa.pandey74@student.examforge.edu,MECH,BTECH,4,2025,+91 98000 20074
REG20252075,25CI175,Kavita,Nair,kavita.nair75@student.examforge.edu,CIVIL,BTECH,4,2025,+91 98000 20075
REG20252076,25CS176,Siddharth,Menon,siddharth.menon76@student.examforge.edu,CSE,BTECH,4,2025,+91 98000 20076
REG20252077,25EC177,Bhavna,Verma,bhavna.verma77@student.examforge.edu,ECE,BTECH,4,2025,+91 98000 20077
REG20252078,25ME178,Harish,Kulkarni,harish.kulkarni78@student.examforge.edu,MECH,BTECH,4,2025,+91 98000 20078
REG20252079,25CI179,Pallavi,Pandey,pallavi.pandey79@student.examforge.edu,CIVIL,BTECH,4,2025,+91 98000 20079
REG20252080,25CS180,Nikhil,Nair,nikhil.nair80@student.examforge.edu,CSE,BTECH,4,2025,+91 98000 20080
REG20252081,25EC181,Swati,Menon,swati.menon81@student.examforge.edu,ECE,BTECH,4,2025,+91 98000 20081
REG20252082,25ME182,Vinay,Verma,vinay.verma82@student.examforge.edu,MECH,BTECH,4,2025,+91 98000 20082
REG20252083,25CI183,Divya,Kulkarni,divya.kulkarni83@student.examforge.edu,CIVIL,BTECH,4,2025,+91 98000 20083
REG20252084,25CS184,Sanjay,Pandey,sanjay.pandey84@student.examforge.edu,CSE,BTECH,4,2025,+91 98000 20084
REG20252085,25EC185,Geeta,Nair,geeta.nair85@student.examforge.edu,ECE,BTECH,4,2025,+91 98000 20085
REG20252086,25ME186,Ravi,Menon,ravi.menon86@student.examforge.edu,MECH,BTECH,4,2025,+91 98000 20086
REG20252087,25CI187,Monika,Verma,monika.verma87@student.examforge.edu,CIVIL,BTECH,4,2025,+91 98000 20087
REG20252088,25CS188,Abhishek,Kulkarni,abhishek.kulkarni88@student.examforge.edu,CSE,BTECH,4,2025,+91 98000 20088
REG20252089,25EC189,Shilpa,Pandey,shilpa.pandey89@student.examforge.edu,ECE,BTECH,4,2025,+91 98000 20089
REG20252090,25ME190,Kavita,Nair,kavita.nair90@student.examforge.edu,MECH,BTECH,4,2025,+91 98000 20090
REG20252091,25CI191,Siddharth,Menon,siddharth.menon91@student.examforge.edu,CIVIL,BTECH,4,2025,+91 98000 20091
REG20252092,25CS192,Bhavna,Verma,bhavna.verma92@student.examforge.edu,CSE,BTECH,4,2025,+91 98000 20092
REG20252093,25EC193,Harish,Kulkarni,harish.kulkarni93@student.examforge.edu,ECE,BTECH,4,2025,+91 98000 20093
REG20252094,25ME194,Pallavi,Pandey,pallavi.pandey94@student.examforge.edu,MECH,BTECH,4,2025,+91 98000 20094
REG20252095,25CI195,Nikhil,Nair,nikhil.nair95@student.examforge.edu,CIVIL,BTECH,4,2025,+91 98000 20095
REG20252096,25CS196,Swati,Menon,swati.menon96@student.examforge.edu,CSE,BTECH,4,2025,+91 98000 20096
REG20252097,25EC197,Vinay,Verma,vinay.verma97@student.examforge.edu,ECE,BTECH,4,2025,+91 98000 20097
REG20252098,25ME198,Divya,Kulkarni,divya.kulkarni98@student.examforge.edu,MECH,BTECH,4,2025,+91 98000 20098
REG20252099,25CI199,Sanjay,Pandey,sanjay.pandey99@student.examforge.edu,CIVIL,BTECH,4,2025,+91 98000 20099
REG20252100,25CS200,Geeta,Nair,geeta.nair100@student.examforge.edu,CSE,BTECH,4,2025,+91 98000 20100
